{"stats":{"minecraft:custom":{"minecraft:time_since_rest":1108,"minecraft:damage_dealt":10,"minecraft:damage_taken":260,"minecraft:leave_game":4,"minecraft:time_since_death":0,"minecraft:play_time":7260,"minecraft:sprint_one_cm":4522,"minecraft:walk_one_cm":9155,"minecraft:walk_on_water_one_cm":902,"minecraft:deaths":1,"minecraft:sneak_time":3,"minecraft:walk_under_water_one_cm":3636,"minecraft:total_world_time":7260,"minecraft:swim_one_cm":1508,"minecraft:fall_one_cm":269,"minecraft:drop":2,"minecraft:fly_one_cm":686,"minecraft:jump":19},"minecraft:picked_up":{"minecraft:stick":5,"minecraft:oak_log":27,"minecraft:apple":2,"minecraft:oak_sapling":8},"minecraft:mined":{"treechop:chopped_log":1},"minecraft:dropped":{"minecraft:oak_log":2}},"DataVersion":3120}