{"stats":{"minecraft:mined":{"treechop:chopped_log":1},"minecraft:dropped":{"minecraft:oak_log":2},"minecraft:custom":{"minecraft:jump":19,"minecraft:time_since_rest":5494,"minecraft:damage_dealt":10,"minecraft:leave_game":1,"minecraft:sprint_one_cm":4522,"minecraft:play_time":5494,"minecraft:walk_on_water_one_cm":902,"minecraft:time_since_death":5494,"minecraft:walk_one_cm":9155,"minecraft:sneak_time":3,"minecraft:walk_under_water_one_cm":33,"minecraft:total_world_time":5494,"minecraft:swim_one_cm":1508,"minecraft:drop":2,"minecraft:fall_one_cm":269,"minecraft:fly_one_cm":686},"minecraft:picked_up":{"minecraft:stick":5,"minecraft:oak_log":27,"minecraft:apple":2,"minecraft:oak_sapling":8}},"DataVersion":3120}